Channel,Packet Number,Time Sent,Time Received,RTT Unreliable,Time ACK Received,RTT Reliable
0,0,3821189222,Unknown,NA,3821189246,24
1,1,3821189232,3821189246,14,0,0
1,2,3821189236,3821189262,26,0,0
1,4,3821189241,3821189286,45,0,0
0,3,3821189239,Unknown,NA,3821189288,49
0,5,3821189253,Unknown,NA,3821189295,42
1,8,3821189260,3821189298,38,0,0
0,6,3821189255,Unknown,NA,3821189301,46
1,9,3821189262,3821189304,42,0,0
1,11,3821189307,3821189314,7,0,0
0,7,3821189258,Unknown,NA,3821189314,56
0,10,3821189298,Unknown,NA,3821189325,27
0,12,3821189321,Unknown,NA,3821189331,10
0,13,3821189335,Unknown,NA,3821189345,10
1,15,3821189340,3821189345,5,0,0
0,14,3821189338,Unknown,NA,3821189351,13
1,17,3821189348,3821189352,4,0,0
0,16,3821189342,Unknown,NA,3821189357,15
1,18,3821189354,3821189362,8,0,0
1,20,3821189362,3821189374,12,0,0
0,19,3821189360,Unknown,NA,3821189376,16
1,22,3821189367,3821189382,15,0,0
0,21,3821189364,Unknown,NA,3821189382,18
1,23,3821189368,3821189386,18,0,0
0,24,3821189373,Unknown,NA,3821189394,21
0,25,3821189397,Unknown,NA,3821189406,9
1,27,3821189401,3821189406,5,0,0
0,26,3821189399,Unknown,NA,3821189411,12
1,29,3821189409,3821189413,4,0,0
0,28,3821189403,Unknown,NA,3821189417,14
0,30,3821189415,Unknown,NA,3821189423,8
0,31,3821189420,Unknown,NA,3821189428,8
0,32,3821189431,Unknown,NA,3821189440,9
1,34,3821189435,3821189440,5,0,0
1,35,3821189437,3821189444,7,0,0
0,33,3821189433,Unknown,NA,3821189445,12
1,36,3821189442,3821189448,6,0,0
1,38,3821189450,3821189455,5,0,0
0,37,3821189448,Unknown,NA,3821189457,9
0,39,3821189453,Unknown,NA,3821189463,10
1,41,3821189460,3821189463,3,0,0
0,40,3821189454,Unknown,NA,3821189468,14
1,42,3821189465,3821189470,5,0,0
0,43,3821189471,Unknown,NA,3821189480,9
1,45,3821189475,3821189481,6,0,0
0,44,3821189473,Unknown,NA,3821189485,12
1,46,3821189477,3821189487,10,0,0
0,47,3821189483,Unknown,NA,3821189495,12
1,49,3821189490,3821189496,6,0,0
0,48,3821189488,Unknown,NA,3821189498,10
0,50,3821189492,Unknown,NA,3821189504,12
0,51,3821189507,Unknown,NA,3821189516,9
1,53,3821189511,3821189516,5,0,0
0,52,3821189509,Unknown,NA,3821189520,11
1,55,3821189518,3821189523,5,0,0
0,54,3821189513,Unknown,NA,3821189526,13
1,56,3821189523,3821189529,6,0,0
1,57,3821189529,3821189534,5,0,0
1,58,3821189531,3821189538,7,0,0
0,59,3821189533,Unknown,NA,3821189547,14
1,61,3821189536,3821189549,13,0,0
0,60,3821189534,Unknown,NA,3821189553,19
1,63,3821189540,3821189556,16,0,0
0,62,3821189538,Unknown,NA,3821189559,21
1,64,3821189542,3821189560,18,0,0
0,65,3821189544,Unknown,NA,3821189568,24
1,67,3821189555,3821189569,14,0,0
1,68,3821189562,3821189573,11,0,0
0,66,3821189550,Unknown,NA,3821189574,24
0,69,3821189565,Unknown,NA,3821189581,16
1,71,3821189578,3821189585,7,0,0
0,70,3821189571,Unknown,NA,3821189587,16
1,72,3821189584,3821189591,7,0,0
1,73,3821189590,3821189596,6,0,0
1,74,3821189592,3821189600,8,0,0
1,75,3821189594,3821189604,10,0,0
1,76,3821189596,3821189608,12,0,0
0,77,3821189598,Unknown,NA,3821189616,18
1,79,3821189602,3821189617,15,0,0
0,78,3821189600,Unknown,NA,3821189621,21
1,81,3821189605,3821189623,18,0,0
1,82,3821189607,3821189627,20,0,0
1,83,3821189610,3821189631,21,0,0
0,80,3821189604,Unknown,NA,3821189631,27
1,85,3821189613,3821189637,24,0,0
0,84,3821189611,Unknown,NA,3821189640,29
1,87,3821189625,3821189644,19,0,0
0,86,3821189618,Unknown,NA,3821189647,29
0,88,3821189636,Unknown,NA,3821189655,19
0,89,3821189644,Unknown,NA,3821189661,17
0,90,3821189651,Unknown,NA,3821189666,15
0,91,3821189658,Unknown,NA,3821189672,14
0,92,3821189664,Unknown,NA,3821189677,13
0,93,3821189669,Unknown,NA,3821189682,13
0,94,3821189674,Unknown,NA,3821189687,13
1,96,3821189684,3821189688,4,0,0
0,95,3821189679,Unknown,NA,3821189692,13
0,97,3821189690,Unknown,NA,3821189698,8
0,98,3821189695,Unknown,NA,3821189703,8
0,99,3821189700,Unknown,NA,3821189708,8
1,100,3821189706,3821189709,3,0,0
0,101,3821189711,Unknown,NA,3821189721,10
1,102,3821189713,3821189721,8,0,0
1,103,3821189715,3821189726,11,0,0
1,104,3821189717,3821189731,14,0,0
1,105,3821189718,3821189738,20,0,0
1,106,3821189724,3821189742,18,0,0
1,107,3821189725,3821189746,21,0,0
1,108,3821189728,3821189749,21,0,0
1,109,3821189729,3821189754,25,0,0
1,111,3821189735,3821189760,25,0,0
0,110,3821189732,Unknown,NA,3821189762,30
1,112,3821189737,3821189764,27,0,0
1,113,3821189739,3821189768,29,0,0
0,114,3821189741,Unknown,NA,3821189775,34
1,116,3821189745,3821189776,31,0,0
0,115,3821189743,Unknown,NA,3821189781,38
1,117,3821189747,3821189781,34,0,0
0,118,3821189749,Unknown,NA,3821189788,39
1,121,3821189755,3821189792,37,0,0
0,119,3821189751,Unknown,NA,3821189793,42
1,122,3821189757,3821189796,39,0,0
0,120,3821189753,Unknown,NA,3821189797,44
1,123,3821189759,3821189801,42,0,0
1,125,3821189768,3821189807,39,0,0
0,124,3821189765,Unknown,NA,3821189807,42
1,127,3821189772,3821189813,41,0,0
0,126,3821189770,Unknown,NA,3821189813,43
1,128,3821189778,3821189816,38,0,0
1,129,3821189783,3821189820,37,0,0
1,130,3821189785,3821189824,39,0,0
1,131,3821189791,3821189828,37,0,0
0,132,3821189816,Unknown,NA,3821189834,18
0,133,3821189818,Unknown,NA,3821189840,22
0,134,3821189820,Unknown,NA,3821189845,25
1,137,3821189837,3821189845,8,0,0
0,135,3821189822,Unknown,NA,3821189849,27
0,136,3821189824,Unknown,NA,3821189854,30
0,138,3821189842,Unknown,NA,3821189860,18
1,141,3821189857,3821189861,4,0,0
0,139,3821189847,Unknown,NA,3821189863,16
0,140,3821189852,Unknown,NA,3821189868,16
0,142,3821189871,Unknown,NA,3821189878,7
1,144,3821189875,3821189879,4,0,0
0,143,3821189874,Unknown,NA,3821189883,9
1,145,3821189881,3821189885,4,0,0
1,147,3821189888,3821189891,3,0,0
0,146,3821189886,Unknown,NA,3821189893,7
1,148,3821189890,3821189895,5,0,0
1,149,3821189896,3821189901,5,0,0
0,150,3821189899,Unknown,NA,3821189907,8
1,152,3821189903,3821189908,5,0,0
0,151,3821189901,Unknown,NA,3821189912,11
1,154,3821189909,3821189914,5,0,0
0,153,3821189905,Unknown,NA,3821189917,12
0,155,3821189914,Unknown,NA,3821189922,8
1,156,3821189920,3821189923,3,0,0
1,157,3821189925,3821189929,4,0,0
1,158,3821189927,3821189933,6,0,0
1,161,3821189936,3821189941,5,0,0
0,159,3821189930,Unknown,NA,3821189942,12
0,160,3821189934,Unknown,NA,3821189950,16
0,162,3821189938,Unknown,NA,3821189956,18
1,164,3821189953,3821189957,4,0,0
0,163,3821189947,Unknown,NA,3821189961,14
1,165,3821189958,3821189961,3,0,0
1,167,3821189965,3821189969,4,0,0
0,166,3821189963,Unknown,NA,3821189971,8
0,168,3821189967,Unknown,NA,3821189977,10
1,170,3821189974,3821189978,4,0,0
0,169,3821189969,Unknown,NA,3821189983,14
1,171,3821189980,3821189984,4,0,0
1,172,3821189985,3821189989,4,0,0
1,173,3821189987,3821189993,6,0,0
1,174,3821189989,3821189996,7,0,0
1,175,3821189991,3821190000,9,0,0
1,177,3821189995,3821190006,11,0,0
0,176,3821189993,Unknown,NA,3821190007,14
1,178,3821189997,3821190009,12,0,0
0,179,3821189999,Unknown,NA,3821190016,17
1,183,3821190010,3821190021,11,0,0
0,180,3821190001,Unknown,NA,3821190021,20
0,181,3821190003,Unknown,NA,3821190026,23
1,186,3821190019,3821190028,9,0,0
0,182,3821190004,Unknown,NA,3821190031,27
1,187,3821190024,3821190033,9,0,0
0,184,3821190012,Unknown,NA,3821190036,24
1,188,3821190029,3821190037,8,0,0
1,189,3821190034,3821190042,8,0,0
0,185,3821190014,Unknown,NA,3821190042,28
1,190,3821190039,3821190045,6,0,0
1,191,3821190045,3821190049,4,0,0
1,192,3821190047,3821190054,7,0,0
0,193,3821190049,Unknown,NA,3821190060,11
1,197,3821190056,3821190065,9,0,0
0,194,3821190051,Unknown,NA,3821190065,14
1,198,3821190058,3821190069,11,0,0
0,195,3821190053,Unknown,NA,3821190071,18
1,200,3821190068,3821190074,6,0,0
0,196,3821190054,Unknown,NA,3821190076,22
0,199,3821190063,Unknown,NA,3821190081,18
1,202,3821190079,3821190082,3,0,0
0,201,3821190073,Unknown,NA,3821190086,13
0,203,3821190084,Unknown,NA,3821190092,8
0,204,3821190089,Unknown,NA,3821190097,8
1,205,3821190095,3821190098,3,0,0
1,207,3821190101,3821190106,5,0,0
0,206,3821190099,Unknown,NA,3821190107,8
1,208,3821190103,3821190110,7,0,0
0,209,3821190105,Unknown,NA,3821190119,14
1,212,3821190115,3821190122,7,0,0
0,210,3821190111,Unknown,NA,3821190125,14
1,214,3821190122,3821190131,9,0,0
0,211,3821190113,Unknown,NA,3821190132,19
1,215,3821190130,3821190135,5,0,0
0,213,3821190117,Unknown,NA,3821190137,20
0,216,3821190135,Unknown,NA,3821190143,8
1,217,3821190141,3821190144,3,0,0
1,219,3821190148,3821190152,4,0,0
0,218,3821190146,Unknown,NA,3821190154,8
0,220,3821190150,Unknown,NA,3821190159,9
0,221,3821190152,Unknown,NA,3821190164,12
1,223,3821190162,3821190166,4,0,0
0,222,3821190157,Unknown,NA,3821190169,12
0,224,3821190167,Unknown,NA,3821190175,8
1,225,3821190172,3821190176,4,0,0
1,226,3821190178,3821190181,3,0,0
1,228,3821190182,3821190186,4,0,0
0,227,3821190180,Unknown,NA,3821190187,7
1,230,3821190185,3821190192,7,0,0
0,229,3821190183,Unknown,NA,3821190193,10
0,231,3821190190,Unknown,NA,3821190198,8
0,232,3821190196,Unknown,NA,3821190203,7
1,233,3821190201,3821190204,3,0,0
1,234,3821190205,3821190209,4,0,0
1,236,3821190209,3821190215,6,0,0
0,235,3821190207,Unknown,NA,3821190217,10
1,239,3821190214,3821190223,9,0,0
0,237,3821190211,Unknown,NA,3821190223,12
0,238,3821190212,Unknown,NA,3821190230,18
1,241,3821190227,3821190231,4,0,0
0,240,3821190220,Unknown,NA,3821190235,15
0,242,3821190232,Unknown,NA,3821190240,8
0,243,3821190238,Unknown,NA,3821190245,7
1,244,3821190243,3821190247,4,0,0
1,246,3821190250,3821190254,4,0,0
0,245,3821190248,Unknown,NA,3821190255,7
1,247,3821190252,3821190257,5,0,0
1,248,3821190258,3821190263,5,0,0
1,249,3821190259,3821190267,8,0,0
1,251,3821190263,3821190273,10,0,0
0,250,3821190261,Unknown,NA,3821190274,13
1,252,3821190265,3821190276,11,0,0
0,253,3821190266,Unknown,NA,3821190286,20
1,255,3821190270,3821190286,16,0,0
0,254,3821190268,Unknown,NA,3821190290,22
1,256,3821190272,3821190290,18,0,0
1,257,3821190277,3821190295,18,0,0
1,258,3821190279,3821190299,20,0,0
1,259,3821190281,3821190303,22,0,0
0,260,3821190283,Unknown,NA,3821190310,27
1,263,3821190295,3821190313,18,0,0
0,261,3821190288,Unknown,NA,3821190316,28
1,264,3821190297,3821190317,20,0,0
0,262,3821190293,Unknown,NA,3821190321,28
1,266,3821190300,3821190323,23,0,0
0,265,3821190298,Unknown,NA,3821190326,28
1,267,3821190302,3821190328,26,0,0
1,269,3821190306,3821190334,28,0,0
0,268,3821190304,Unknown,NA,3821190335,31
1,271,3821190313,3821190340,27,0,0
0,270,3821190308,Unknown,NA,3821190340,32
1,272,3821190318,3821190343,25,0,0
1,273,3821190324,3821190347,23,0,0
1,275,3821190345,3821190352,7,0,0
0,274,3821190343,Unknown,NA,3821190354,11
1,277,3821190349,3821190359,10,0,0
0,276,3821190347,Unknown,NA,3821190360,13
1,279,3821190357,3821190364,7,0,0
0,278,3821190351,Unknown,NA,3821190365,14
0,280,3821190368,Unknown,NA,3821190374,6
0,281,3821190370,Unknown,NA,3821190379,9
1,283,3821190377,3821190381,4,0,0
0,282,3821190372,Unknown,NA,3821190384,12
0,284,3821190382,Unknown,NA,3821190390,8
0,285,3821190387,Unknown,NA,3821190395,8
1,286,3821190392,3821190396,4,0,0
0,287,3821190398,Unknown,NA,3821190406,8
1,289,3821190401,3821190406,5,0,0
0,288,3821190400,Unknown,NA,3821190411,11
1,291,3821190408,3821190412,4,0,0
0,290,3821190403,Unknown,NA,3821190416,13
0,292,3821190414,Unknown,NA,3821190422,8
0,293,3821190419,Unknown,NA,3821190427,8
0,294,3821190430,Unknown,NA,3821190439,9
1,296,3821190434,3821190439,5,0,0
0,295,3821190432,Unknown,NA,3821190443,11
0,297,3821190436,Unknown,NA,3821190449,13
1,299,3821190446,3821190449,3,0,0
0,298,3821190441,Unknown,NA,3821190453,12
1,300,3821190451,3821190455,4,0,0
1,301,3821190456,3821190460,4,0,0
1,302,3821190458,3821190464,6,0,0
0,303,3821190459,Unknown,NA,3821190471,12
1,306,3821190465,3821190477,12,0,0
0,304,3821190461,Unknown,NA,3821190477,16
0,305,3821190463,Unknown,NA,3821190482,19
1,309,3821190474,3821190484,10,0,0
0,307,3821190467,Unknown,NA,3821190487,20
1,311,3821190485,3821190492,7,0,0
0,308,3821190468,Unknown,NA,3821190493,25
1,312,3821190491,3821190496,5,0,0
0,310,3821190480,Unknown,NA,3821190498,18
1,313,3821190496,3821190500,4,0,0
1,314,3821190501,3821190504,3,0,0
0,315,3821190503,Unknown,NA,3821190512,9
1,317,3821190506,3821190512,6,0,0
0,316,3821190505,Unknown,NA,3821190517,12
1,318,3821190508,3821190518,10,0,0
1,320,3821190515,3821190524,9,0,0
0,319,3821190510,Unknown,NA,3821190526,16
1,322,3821190522,3821190531,9,0,0
0,321,3821190520,Unknown,NA,3821190532,12
1,324,3821190530,3821190536,6,0,0
0,323,3821190523,Unknown,NA,3821190537,14
1,325,3821190535,3821190540,5,0,0
1,327,3821190543,3821190548,5,0,0
0,326,3821190541,Unknown,NA,3821190549,8
0,328,3821190545,Unknown,NA,3821190557,12
1,330,3821190553,3821190558,5,0,0
0,329,3821190547,Unknown,NA,3821190563,16
0,331,3821190560,Unknown,NA,3821190567,7
1,333,3821190573,3821190576,3,0,0
0,332,3821190571,Unknown,NA,3821190577,6
0,334,3821190575,Unknown,NA,3821190583,8
1,335,3821190581,3821190584,3,0,0
1,336,3821190586,3821190590,4,0,0
1,337,3821190588,3821190593,5,0,0
1,338,3821190590,3821190597,7,0,0
0,339,3821190592,Unknown,NA,3821190604,12
1,343,3821190600,3821190609,9,0,0
0,340,3821190594,Unknown,NA,3821190609,15
1,345,3821190607,3821190614,7,0,0
0,341,3821190595,Unknown,NA,3821190616,21
0,342,3821190598,Unknown,NA,3821190622,24
0,344,3821190602,Unknown,NA,3821190628,26
1,348,3821190625,3821190629,4,0,0
0,346,3821190613,Unknown,NA,3821190633,20
0,347,3821190620,Unknown,NA,3821190638,18
1,350,3821190636,3821190640,4,0,0
0,349,3821190630,Unknown,NA,3821190643,13
0,351,3821190641,Unknown,NA,3821190649,8
1,352,3821190647,3821190651,4,0,0
1,354,3821190654,3821190658,4,0,0
0,353,3821190652,Unknown,NA,3821190658,6
0,355,3821190656,Unknown,NA,3821190664,8
1,356,3821190661,3821190664,3,0,0
1,358,3821190667,3821190671,4,0,0
0,357,3821190666,Unknown,NA,3821190673,7
1,360,3821190671,3821190677,6,0,0
0,359,3821190669,Unknown,NA,3821190678,9
0,361,3821190676,Unknown,NA,3821190684,8
0,362,3821190682,Unknown,NA,3821190689,7
1,363,3821190687,3821190690,3,0,0
0,364,3821190692,Unknown,NA,3821190699,7
0,365,3821190693,Unknown,NA,3821190704,11
0,366,3821190695,Unknown,NA,3821190709,14
0,367,3821190697,Unknown,NA,3821190714,17
1,370,3821190712,3821190716,4,0,0
0,368,3821190702,Unknown,NA,3821190719,17
1,371,3821190717,3821190721,4,0,0
0,369,3821190707,Unknown,NA,3821190724,17
0,372,3821190722,Unknown,NA,3821190730,8
1,373,3821190727,3821190731,4,0,0
1,374,3821190734,3821190739,5,0,0
1,375,3821190737,3821190743,6,0,0
1,377,3821190740,3821190750,10,0,0
0,376,3821190739,Unknown,NA,3821190751,12
0,378,3821190742,Unknown,NA,3821190758,16
1,381,3821190747,3821190759,12,0,0
0,379,3821190744,Unknown,NA,3821190763,19
1,383,3821190755,3821190766,11,0,0
0,380,3821190745,Unknown,NA,3821190768,23
1,384,3821190761,3821190771,10,0,0
0,382,3821190749,Unknown,NA,3821190775,26
0,385,3821190766,Unknown,NA,3821190781,15
1,387,3821190778,3821190782,4,0,0
0,386,3821190772,Unknown,NA,3821190786,14
1,388,3821190784,3821190787,3,0,0
1,390,3821190791,3821190797,6,0,0
0,389,3821190789,Unknown,NA,3821190798,9
1,392,3821190794,3821190803,9,0,0
0,391,3821190792,Unknown,NA,3821190805,13
1,393,3821190795,3821190807,12,0,0
1,395,3821190802,3821190813,11,0,0
0,394,3821190801,Unknown,NA,3821190814,13
1,396,3821190808,3821190817,9,0,0
0,397,3821190818,Unknown,NA,3821190825,7
1,399,3821190823,3821190826,3,0,0
0,398,3821190821,Unknown,NA,3821190831,10
1,400,3821190828,3821190832,4,0,0
0,401,3821190834,Unknown,NA,3821190840,6
1,403,3821190837,3821190841,4,0,0
0,402,3821190836,Unknown,NA,3821190845,9
1,404,3821190843,3821190847,4,0,0
1,405,3821190848,3821190852,4,0,0
1,406,3821190850,3821190856,6,0,0
0,407,3821190852,Unknown,NA,3821190863,11
1,409,3821190856,3821190863,7,0,0
1,410,3821190857,3821190867,10,0,0
0,408,3821190854,Unknown,NA,3821190868,14
1,411,3821190859,3821190870,11,0,0
0,412,3821190861,Unknown,NA,3821190876,15
1,414,3821190870,3821190877,7,0,0
1,415,3821190872,3821190881,9,0,0
0,413,3821190865,Unknown,NA,3821190881,16
1,416,3821190874,3821190884,10,0,0
1,417,3821190878,3821190888,10,0,0
1,418,3821190884,3821190892,8,0,0
1,420,3821190887,3821190898,11,0,0
0,419,3821190886,Unknown,NA,3821190898,12
1,423,3821190894,3821190904,10,0,0
0,421,3821190889,Unknown,NA,3821190906,17
1,424,3821190896,3821190908,12,0,0
1,425,3821190904,3821190911,7,0,0
0,422,3821190891,Unknown,NA,3821190911,20
1,426,3821190909,3821190914,5,0,0
1,429,3821190917,3821190921,4,0,0
0,427,3821190914,Unknown,NA,3821190921,7
0,428,3821190916,Unknown,NA,3821190927,11
0,430,3821190919,Unknown,NA,3821190932,13
0,431,3821190924,Unknown,NA,3821190936,12
1,433,3821190934,3821190938,4,0,0
0,432,3821190929,Unknown,NA,3821190941,12
1,434,3821190939,3821190942,3,0,0
0,435,3821190943,Unknown,NA,3821190949,6
1,437,3821190947,3821190950,3,0,0
0,436,3821190945,Unknown,NA,3821190954,9
0,438,3821190952,Unknown,NA,3821190959,7
0,439,3821190956,Unknown,NA,3821190963,7
1,440,3821190961,3821190965,4,0,0
0,441,3821190966,Unknown,NA,3821190972,6
1,443,3821190970,3821190973,3,0,0
0,442,3821190968,Unknown,NA,3821190977,9
1,444,3821190974,3821190978,4,0,0
1,446,3821190981,3821190985,4,0,0
0,445,3821190979,Unknown,NA,3821190985,6
1,447,3821190983,3821190988,5,0,0
1,448,3821190987,3821190991,4,0,0
1,450,3821190991,3821190995,4,0,0
0,449,3821190989,Unknown,NA,3821190996,7
1,451,3821190992,3821190998,6,0,0
1,452,3821190994,3821191001,7,0,0
1,453,3821190998,3821191005,7,0,0
1,454,3821191001,3821191007,6,0,0
1,455,3821191002,3821191010,8,0,0
1,457,3821191005,3821191015,10,0,0
0,456,3821191004,Unknown,NA,3821191020,16
1,460,3821191011,3821191022,11,0,0
0,458,3821191007,Unknown,NA,3821191024,17
1,461,3821191012,3821191025,13,0,0
1,462,3821191014,3821191028,14,0,0
0,459,3821191009,Unknown,NA,3821191029,20
1,463,3821191016,3821191031,15,0,0
0,464,3821191017,Unknown,NA,3821191037,20
0,465,3821191022,Unknown,NA,3821191042,20
0,466,3821191027,Unknown,NA,3821191046,19
0,467,3821191032,Unknown,NA,3821191051,19
0,468,3821191034,Unknown,NA,3821191056,22
1,472,3821191053,3821191057,4,0,0
0,469,3821191039,Unknown,NA,3821191060,21
0,470,3821191044,Unknown,NA,3821191065,21
0,471,3821191049,Unknown,NA,3821191070,21
1,475,3821191067,3821191071,4,0,0
0,473,3821191058,Unknown,NA,3821191075,17
1,476,3821191072,3821191076,4,0,0
0,474,3821191063,Unknown,NA,3821191079,16
1,477,3821191077,3821191081,4,0,0
0,478,3821191082,Unknown,NA,3821191089,7
1,480,3821191085,3821191089,4,0,0
0,479,3821191084,Unknown,NA,3821191094,10
0,481,3821191087,Unknown,NA,3821191099,12
1,483,3821191096,3821191100,4,0,0
0,482,3821191091,Unknown,NA,3821191103,12
0,484,3821191101,Unknown,NA,3821191108,7
1,485,3821191106,3821191109,3,0,0
0,486,3821191110,Unknown,NA,3821191117,7
1,488,3821191114,3821191118,4,0,0
1,489,3821191115,3821191121,6,0,0
0,487,3821191112,Unknown,NA,3821191122,10
1,490,3821191120,3821191124,4,0,0
1,492,3821191127,3821191130,3,0,0
0,491,3821191125,Unknown,NA,3821191132,7
0,493,3821191128,Unknown,NA,3821191137,9
0,494,3821191130,Unknown,NA,3821191142,12
0,495,3821191135,Unknown,NA,3821191147,12
0,496,3821191140,Unknown,NA,3821191151,11
1,498,3821191149,3821191153,4,0,0
0,497,3821191144,Unknown,NA,3821191156,12
1,499,3821191153,3821191157,4,0,0
1,500,3821191158,3821191163,5,0,0
1,502,3821191163,3821191168,5,0,0
0,501,3821191161,Unknown,NA,3821191169,8
0,503,3821191165,Unknown,NA,3821191174,9
1,504,3821191167,3821191176,9,0,0
0,505,3821191172,Unknown,NA,3821191183,11
1,507,3821191179,3821191183,4,0,0
0,506,3821191177,Unknown,NA,3821191187,10
1,509,3821191185,3821191188,3,0,0
0,508,3821191180,Unknown,NA,3821191192,12
0,510,3821191189,Unknown,NA,3821191196,7
0,511,3821191194,Unknown,NA,3821191201,7
1,512,3821191198,3821191202,4,0,0
1,513,3821191203,3821191207,4,0,0
0,514,3821191205,Unknown,NA,3821191212,7
1,516,3821191208,3821191213,5,0,0
1,517,3821191210,3821191217,7,0,0
0,515,3821191207,Unknown,NA,3821191217,10
1,518,3821191215,3821191220,5,0,0
1,519,3821191220,3821191223,3,0,0
1,520,3821191221,3821191226,5,0,0
1,522,3821191224,3821191231,7,0,0
0,521,3821191223,Unknown,NA,3821191233,10
1,523,3821191226,3821191234,8,0,0
1,524,3821191227,3821191239,12,0,0
0,525,3821191229,Unknown,NA,3821191246,17
0,526,3821191231,Unknown,NA,3821191250,19
1,530,3821191240,3821191251,11,0,0
0,527,3821191235,Unknown,NA,3821191254,19
1,531,3821191242,3821191256,14,0,0
0,528,3821191237,Unknown,NA,3821191259,22
1,532,3821191243,3821191260,17,0,0
1,533,3821191248,3821191265,17,0,0
0,529,3821191239,Unknown,NA,3821191265,26
0,534,3821191252,Unknown,NA,3821191270,18
0,535,3821191257,Unknown,NA,3821191276,19
0,536,3821191262,Unknown,NA,3821191280,18
0,537,3821191268,Unknown,NA,3821191285,17
0,538,3821191273,Unknown,NA,3821191290,17
1,541,3821191288,3821191291,3,0,0
0,539,3821191278,Unknown,NA,3821191295,17
1,542,3821191293,3821191296,3,0,0
0,540,3821191283,Unknown,NA,3821191300,17
0,543,3821191298,Unknown,NA,3821191304,6
0,544,3821191302,Unknown,NA,3821191309,7
1,545,3821191307,3821191310,3,0,0
1,546,3821191312,3821191315,3,0,0
0,547,3821191313,Unknown,NA,3821191321,8
1,549,3821191317,3821191322,5,0,0
0,548,3821191315,Unknown,NA,3821191326,11
1,551,3821191323,3821191327,4,0,0
0,550,3821191319,Unknown,NA,3821191331,12
0,552,3821191328,Unknown,NA,3821191335,7
0,553,3821191333,Unknown,NA,3821191340,7
1,554,3821191338,3821191342,4,0,0
1,556,3821191345,3821191349,4,0,0
0,555,3821191343,Unknown,NA,3821191350,7
1,557,3821191346,3821191352,6,0,0
1,558,3821191348,3821191356,8,0,0
0,559,3821191353,Unknown,NA,3821191361,8
0,560,3821191355,Unknown,NA,3821191366,11
1,563,3821191359,3821191367,8,0,0
1,564,3821191364,3821191370,6,0,0
0,561,3821191356,Unknown,NA,3821191370,14
0,562,3821191358,Unknown,NA,3821191375,17
0,565,3821191368,Unknown,NA,3821191380,12
0,566,3821191373,Unknown,NA,3821191383,10
0,567,3821191377,Unknown,NA,3821191386,9
1,569,3821191391,3821191394,3,0,0
0,568,3821191389,Unknown,NA,3821191396,7
1,570,3821191392,3821191397,5,0,0
0,571,3821191394,Unknown,NA,3821191403,9
0,572,3821191399,Unknown,NA,3821191406,7
0,573,3821191401,Unknown,NA,3821191409,8
1,575,3821191414,3821191417,3,0,0
0,574,3821191412,Unknown,NA,3821191419,7
1,576,3821191415,3821191421,6,0,0
1,577,3821191417,3821191424,7,0,0
1,579,3821191423,3821191429,6,0,0
0,578,3821191422,Unknown,NA,3821191431,9
1,581,3821191427,3821191434,7,0,0
0,580,3821191425,Unknown,NA,3821191436,11
1,582,3821191429,3821191437,8,0,0
0,583,3821191434,Unknown,NA,3821191443,9
1,585,3821191440,3821191444,4,0,0
0,584,3821191439,Unknown,NA,3821191446,7
0,586,3821191449,Unknown,NA,3821191455,6
1,588,3821191452,3821191456,4,0,0
1,589,3821191453,3821191459,6,0,0
0,587,3821191450,Unknown,NA,3821191460,10
0,590,3821191458,Unknown,NA,3821191465,7
1,591,3821191463,3821191467,4,0,0
0,592,3821191468,Unknown,NA,3821191474,6
1,594,3821191472,3821191475,3,0,0
0,593,3821191470,Unknown,NA,3821191478,8
0,595,3821191476,Unknown,NA,3821191483,7
0,596,3821191481,Unknown,NA,3821191488,7
0,597,3821191486,Unknown,NA,3821191493,7
1,598,3821191491,3821191494,3,0,0
1,600,3821191498,3821191501,3,0,0
0,599,3821191495,Unknown,NA,3821191502,7
1,601,3821191500,3821191504,4,0,0
0,602,3821191505,Unknown,NA,3821191511,6
1,604,3821191509,3821191512,3,0,0
0,603,3821191507,Unknown,NA,3821191516,9
0,605,3821191513,Unknown,NA,3821191521,8
0,606,3821191518,Unknown,NA,3821191525,7
1,607,3821191523,3821191526,3,0,0
0,608,3821191528,Unknown,NA,3821191535,7
1,611,3821191533,3821191537,4,0,0
0,609,3821191529,Unknown,NA,3821191540,11
0,610,3821191531,Unknown,NA,3821191544,13
1,613,3821191542,3821191546,4,0,0
0,612,3821191538,Unknown,NA,3821191549,11
1,614,3821191547,3821191551,4,0,0
1,615,3821191552,3821191556,4,0,0
1,617,3821191555,3821191561,6,0,0
0,616,3821191554,Unknown,NA,3821191562,8
1,618,3821191557,3821191564,7,0,0
1,620,3821191560,3821191569,9,0,0
0,619,3821191559,Unknown,NA,3821191570,11
1,621,3821191565,3821191572,7,0,0
1,622,3821191567,3821191576,9,0,0
1,623,3821191573,3821191580,7,0,0
1,624,3821191575,3821191583,8,0,0
1,625,3821191576,3821191587,11,0,0
1,627,3821191579,3821191591,12,0,0
0,626,3821191578,Unknown,NA,3821191593,15
1,629,3821191582,3821191597,15,0,0
0,628,3821191581,Unknown,NA,3821191599,18
0,630,3821191584,Unknown,NA,3821191604,20
1,632,3821191587,3821191605,18,0,0
0,631,3821191585,Unknown,NA,3821191608,23
1,633,3821191589,3821191610,21,0,0
1,635,3821191596,3821191615,19,0,0
0,634,3821191591,Unknown,NA,3821191617,26
1,636,3821191602,3821191619,17,0,0
0,637,3821191606,Unknown,NA,3821191625,19
1,640,3821191615,3821191628,13,0,0
0,638,3821191611,Unknown,NA,3821191630,19
1,641,3821191620,3821191632,12,0,0
0,639,3821191613,Unknown,NA,3821191634,21
1,642,3821191621,3821191635,14,0,0
0,643,3821191623,Unknown,NA,3821191641,18
0,644,3821191628,Unknown,NA,3821191645,17
1,647,3821191638,3821191645,7,0,0
1,648,3821191643,3821191649,6,0,0
0,645,3821191632,Unknown,NA,3821191649,17
1,649,3821191647,3821191652,5,0,0
0,646,3821191636,Unknown,NA,3821191654,18
1,650,3821191652,3821191656,4,0,0
1,651,3821191656,3821191661,5,0,0
1,652,3821191658,3821191665,7,0,0
1,653,3821191659,3821191668,9,0,0
1,655,3821191663,3821191673,10,0,0
0,654,3821191661,Unknown,NA,3821191674,13
1,656,3821191664,3821191676,12,0,0
1,657,3821191666,3821191680,14,0,0
0,658,3821191667,Unknown,NA,3821191686,19
0,659,3821191669,Unknown,NA,3821191692,23
1,663,3821191678,3821191692,14,0,0
1,664,3821191681,3821191696,15,0,0
0,660,3821191670,Unknown,NA,3821191696,26
0,661,3821191672,Unknown,NA,3821191701,29
1,667,3821191689,3821191702,13,0,0
0,662,3821191677,Unknown,NA,3821191706,29
0,665,3821191682,Unknown,NA,3821191710,28
0,666,3821191684,Unknown,NA,3821191713,29
0,668,3821191694,Unknown,NA,3821191716,22
0,669,3821191699,Unknown,NA,3821191719,20
0,670,3821191703,Unknown,NA,3821191723,20
0,671,3821191708,Unknown,NA,3821191726,18
1,672,3821191728,3821191732,4,0,0
1,673,3821191730,3821191736,6,0,0
0,674,3821191732,Unknown,NA,3821191742,10
1,677,3821191737,3821191744,7,0,0
1,678,3821191740,3821191747,7,0,0
0,675,3821191733,Unknown,NA,3821191747,14
0,676,3821191736,Unknown,NA,3821191752,16
0,679,3821191745,Unknown,NA,3821191757,12
0,680,3821191750,Unknown,NA,3821191762,12
1,682,3821191759,3821191763,4,0,0
0,681,3821191755,Unknown,NA,3821191767,12
0,683,3821191764,Unknown,NA,3821191771,7
1,684,3821191769,3821191773,4,0,0
1,686,3821191776,3821191779,3,0,0
0,685,3821191774,Unknown,NA,3821191781,7
1,687,3821191778,3821191783,5,0,0
1,689,3821191784,3821191788,4,0,0
0,688,3821191779,Unknown,NA,3821191790,11
1,690,3821191786,3821191791,5,0,0
0,691,3821191787,Unknown,NA,3821191797,10
1,692,3821191800,3821191803,3,0,0
0,693,3821191802,Unknown,NA,3821191810,8
0,694,3821191803,Unknown,NA,3821191814,11
0,695,3821191805,Unknown,NA,3821191819,14
0,696,3821191807,Unknown,NA,3821191824,17
1,699,3821191822,3821191825,3,0,0
0,697,3821191812,Unknown,NA,3821191829,17
0,698,3821191817,Unknown,NA,3821191834,17
0,700,3821191827,Unknown,NA,3821191838,11
0,701,3821191832,Unknown,NA,3821191843,11
1,703,3821191841,3821191844,3,0,0
0,702,3821191836,Unknown,NA,3821191846,10
1,704,3821191849,3821191853,4,0,0
1,705,3821191851,3821191856,5,0,0
0,706,3821191853,Unknown,NA,3821191862,9
1,710,3821191859,3821191866,7,0,0
0,707,3821191854,Unknown,NA,3821191867,13
0,708,3821191856,Unknown,NA,3821191874,18
1,713,3821191871,3821191875,4,0,0
0,709,3821191857,Unknown,NA,3821191879,22
0,711,3821191860,Unknown,NA,3821191884,24
1,715,3821191881,3821191885,4,0,0
0,712,3821191865,Unknown,NA,3821191888,23
0,714,3821191876,Unknown,NA,3821191893,17
0,716,3821191886,Unknown,NA,3821191898,12
1,718,3821191895,3821191899,4,0,0
0,717,3821191891,Unknown,NA,3821191902,11
0,719,3821191900,Unknown,NA,3821191906,6
1,720,3821191908,3821191912,4,0,0
1,721,3821191910,3821191915,5,0,0
1,723,3821191913,3821191921,8,0,0
0,722,3821191912,Unknown,NA,3821191922,10
1,724,3821191915,3821191924,9,0,0
1,726,3821191918,3821191930,12,0,0
0,725,3821191916,Unknown,NA,3821191931,15
1,727,3821191920,3821191933,13,0,0
1,728,3821191925,3821191937,12,0,0
1,730,3821191929,3821191942,13,0,0
0,729,3821191927,Unknown,NA,3821191942,15
1,731,3821191934,3821191944,10,0,0
1,733,3821191937,3821191950,13,0,0
0,732,3821191936,Unknown,NA,3821191950,14
0,734,3821191939,Unknown,NA,3821191955,16
1,735,3821191957,3821191960,3,0,0
0,736,3821191958,Unknown,NA,3821191969,11
1,740,3821191965,3821191973,8,0,0
0,737,3821191960,Unknown,NA,3821191973,13
0,738,3821191962,Unknown,NA,3821191978,16
1,743,3821191976,3821191980,4,0,0
0,739,3821191963,Unknown,NA,3821191984,21
0,741,3821191967,Unknown,NA,3821191988,21
0,742,3821191971,Unknown,NA,3821191991,20
0,744,3821191982,Unknown,NA,3821191994,12
1,745,3821191997,3821192000,3,0,0
0,746,3821191999,Unknown,NA,3821192007,8
0,747,3821192000,Unknown,NA,3821192012,12
0,748,3821192002,Unknown,NA,3821192017,15
1,752,3821192015,3821192018,3,0,0
0,749,3821192003,Unknown,NA,3821192022,19
0,750,3821192005,Unknown,NA,3821192027,22
0,751,3821192010,Unknown,NA,3821192031,21
0,753,3821192020,Unknown,NA,3821192036,16
0,754,3821192024,Unknown,NA,3821192039,15
0,755,3821192029,Unknown,NA,3821192043,14
0,756,3821192034,Unknown,NA,3821192046,12
1,757,3821192048,3821192051,3,0,0
1,759,3821192051,3821192057,6,0,0
0,758,3821192050,Unknown,NA,3821192058,8
1,761,3821192055,3821192062,7,0,0
1,762,3821192056,3821192065,9,0,0
0,760,3821192053,Unknown,NA,3821192065,12
0,763,3821192062,Unknown,NA,3821192071,9
1,764,3821192069,3821192072,3,0,0
1,765,3821192074,3821192077,3,0,0
0,766,3821192076,Unknown,NA,3821192083,7
1,768,3821192079,3821192084,5,0,0
0,767,3821192077,Unknown,NA,3821192087,10
1,770,3821192085,3821192089,4,0,0
0,769,3821192081,Unknown,NA,3821192092,11
1,771,3821192090,3821192094,4,0,0
1,772,3821192095,3821192099,4,0,0
0,773,3821192097,Unknown,NA,3821192106,9
1,775,3821192100,3821192106,6,0,0
0,774,3821192098,Unknown,NA,3821192110,12
1,777,3821192103,3821192111,8,0,0
0,776,3821192102,Unknown,NA,3821192115,13
0,778,3821192108,Unknown,NA,3821192120,12
0,779,3821192113,Unknown,NA,3821192125,12
1,781,3821192123,3821192126,3,0,0
0,780,3821192118,Unknown,NA,3821192130,12
1,782,3821192128,3821192131,3,0,0
1,783,3821192132,3821192135,3,0,0
0,784,3821192133,Unknown,NA,3821192141,8
1,786,3821192136,3821192142,6,0,0
0,785,3821192135,Unknown,NA,3821192147,12
1,788,3821192139,3821192147,8,0,0
1,789,3821192144,3821192151,7,0,0
0,787,3821192138,Unknown,NA,3821192152,14
0,790,3821192149,Unknown,NA,3821192156,7
1,791,3821192154,3821192157,3,0,0
0,792,3821192158,Unknown,NA,3821192164,6
1,794,3821192162,3821192164,2,0,0
0,793,3821192160,Unknown,NA,3821192167,7
1,795,3821192165,3821192168,3,0,0
1,796,3821192169,3821192172,3,0,0
1,797,3821192171,3821192175,4,0,0
1,798,3821192172,3821192178,6,0,0
0,799,3821192173,Unknown,NA,3821192183,10
1,802,3821192178,3821192186,8,0,0
0,800,3821192175,Unknown,NA,3821192188,13
1,804,3821192185,3821192192,7,0,0
0,801,3821192176,Unknown,NA,3821192193,17
1,805,3821192191,3821192195,4,0,0
0,803,3821192180,Unknown,NA,3821192198,18
0,806,3821192196,Unknown,NA,3821192203,7
1,807,3821192201,3821192203,2,0,0
1,809,3821192206,3821192209,3,0,0
0,808,3821192205,Unknown,NA,3821192209,4
0,810,3821192208,Unknown,NA,3821192214,6
0,811,3821192212,Unknown,NA,3821192219,7
0,812,3821192217,Unknown,NA,3821192222,5
