ts_recv_ms,dir,channel,seq,send_ts_ms,rtt_ms,retries,event,deadline_t_ms,len_bytes
1762495814424,RX,REL,6,1559223064,,,recv,,76
1762495814424,RX,REL,6,,,,deliver,,0
1762495814429,RX,REL,1,1559223069,,,recv,,79
1762495814429,RX,REL,1,,,,dup,,0
1762495814429,RX,REL,2,1559223069,,,recv,,74
1762495814429,RX,REL,2,,,,dup,,0
1762495814457,RX,REL,7,1559223097,,,recv,,77
1762495814457,RX,REL,7,,,,deliver,,0
1762495814481,RX,REL,4,1559223121,,,recv,,78
1762495814482,RX,REL,4,,,,dup,,0
1762495814512,RX,REL,5,1559223152,,,recv,,76
1762495814513,RX,REL,5,,,,dup,,0
1762495814524,RX,REL,9,1559223164,,,recv,,76
1762495814524,RX,REL,9,,,,buffer,,0
1762495814558,RX,REL,10,1559223197,,,recv,,78
1762495814558,RX,REL,10,,,,buffer,,0
1762495814591,RX,REL,11,1559223230,,,recv,,77
1762495814591,RX,REL,11,,,,buffer,,0
1762495814624,RX,REL,12,1559223264,,,recv,,77
1762495814624,RX,REL,12,,,,buffer,,0
1762495814657,RX,UNREL,,1559223297,,,recv,,77
1762495814691,RX,REL,13,1559223331,,,recv,,77
1762495814691,RX,REL,13,,,,buffer,,0
1762495814725,RX,REL,14,1559223364,,,recv,,77
1762495814725,RX,REL,8,,,,skip,,0
1762495814725,RX,REL,9,,,,deliver,,0
1762495814725,RX,REL,10,,,,deliver,,0
1762495814726,RX,REL,11,,,,deliver,,0
1762495814726,RX,REL,12,,,,deliver,,0
1762495814726,RX,REL,13,,,,deliver,,0
1762495814727,RX,REL,14,,,,deliver,,0
1762495814758,RX,REL,15,1559223397,,,recv,,77
1762495814758,RX,REL,15,,,,deliver,,0
1762495814791,RX,REL,16,1559223430,,,recv,,77
1762495814791,RX,REL,16,,,,deliver,,0
1762495814824,RX,REL,17,1559223464,,,recv,,77
1762495814825,RX,REL,17,,,,deliver,,0
1762495814857,RX,REL,18,1559223497,,,recv,,78
1762495814857,RX,REL,18,,,,deliver,,0
1762495814891,RX,REL,19,1559223531,,,recv,,77
1762495814892,RX,REL,19,,,,deliver,,0
1762495814924,RX,REL,20,1559223564,,,recv,,77
1762495814925,RX,REL,20,,,,deliver,,0
1762495814958,RX,REL,21,1559223597,,,recv,,76
1762495814958,RX,REL,21,,,,deliver,,0
1762495814991,RX,REL,22,1559223630,,,recv,,78
1762495814991,RX,REL,22,,,,deliver,,0
1762495815024,RX,REL,23,1559223664,,,recv,,77
1762495815024,RX,REL,23,,,,deliver,,0
1762495815057,RX,REL,24,1559223697,,,recv,,77
1762495815058,RX,REL,24,,,,deliver,,0
1762495815091,RX,REL,25,1559223731,,,recv,,78
1762495815091,RX,REL,25,,,,deliver,,0
1762495815124,RX,REL,26,1559223764,,,recv,,77
1762495815124,RX,REL,26,,,,deliver,,0
1762495815157,RX,REL,27,1559223797,,,recv,,79
1762495815158,RX,REL,27,,,,deliver,,0
1762495815191,RX,REL,28,1559223830,,,recv,,79
1762495815191,RX,REL,28,,,,deliver,,0
1762495815224,RX,REL,29,1559223864,,,recv,,78
1762495815224,RX,REL,29,,,,deliver,,0
1762495815258,RX,UNREL,,1559223897,,,recv,,80
1762495815291,RX,UNREL,,1559223931,,,recv,,78
1762495815324,RX,UNREL,,1559223964,,,recv,,77
1762495815357,RX,REL,30,1559223997,,,recv,,77
1762495815358,RX,REL,30,,,,deliver,,0
1762495815391,RX,REL,31,1559224031,,,recv,,78
1762495815392,RX,REL,31,,,,deliver,,0
1762495815424,RX,REL,32,1559224064,,,recv,,78
1762495815425,RX,REL,32,,,,deliver,,0
1762495815458,RX,UNREL,,1559224097,,,recv,,78
1762495815491,RX,REL,33,1559224131,,,recv,,77
1762495815491,RX,REL,33,,,,deliver,,0
1762495815524,RX,REL,34,1559224164,,,recv,,78
1762495815524,RX,REL,34,,,,deliver,,0
1762495815558,RX,REL,35,1559224197,,,recv,,78
1762495815558,RX,REL,35,,,,deliver,,0
1762495815591,RX,UNREL,,1559224231,,,recv,,77
1762495815624,RX,REL,36,1559224264,,,recv,,77
1762495815625,RX,REL,36,,,,deliver,,0
1762495815658,RX,REL,37,1559224297,,,recv,,75
1762495815658,RX,REL,37,,,,deliver,,0
1762495815691,RX,UNREL,,1559224331,,,recv,,78
1762495815724,RX,REL,38,1559224364,,,recv,,77
1762495815725,RX,REL,38,,,,deliver,,0
1762495815757,RX,REL,39,1559224397,,,recv,,77
1762495815758,RX,REL,39,,,,deliver,,0
1762495815791,RX,REL,40,1559224431,,,recv,,78
1762495815791,RX,REL,40,,,,deliver,,0
1762495815824,RX,REL,41,1559224464,,,recv,,77
1762495815824,RX,REL,41,,,,deliver,,0
1762495815857,RX,REL,42,1559224497,,,recv,,78
1762495815858,RX,REL,42,,,,deliver,,0
1762495815891,RX,REL,43,1559224531,,,recv,,79
1762495815891,RX,REL,43,,,,deliver,,0
1762495815924,RX,REL,44,1559224564,,,recv,,79
1762495815924,RX,REL,44,,,,deliver,,0
1762495815991,RX,REL,46,1559224631,,,recv,,78
1762495815991,RX,REL,46,,,,buffer,,0
1762495816024,RX,REL,47,1559224664,,,recv,,77
1762495816024,RX,REL,47,,,,buffer,,0
1762495816058,RX,REL,48,1559224697,,,recv,,77
1762495816058,RX,REL,48,,,,buffer,,0
1762495816091,RX,REL,49,1559224731,,,recv,,77
1762495816091,RX,REL,49,,,,buffer,,0
1762495816124,RX,REL,50,1559224764,,,recv,,79
1762495816124,RX,REL,50,,,,buffer,,0
1762495816157,RX,REL,51,1559224797,,,recv,,77
1762495816158,RX,REL,51,,,,buffer,,0
1762495816191,RX,UNREL,,1559224831,,,recv,,78
1762495816224,RX,UNREL,,1559224864,,,recv,,77
1762495816258,RX,REL,52,1559224898,,,recv,,77
1762495816258,RX,REL,45,,,,skip,,0
1762495816258,RX,REL,46,,,,deliver,,0
1762495816258,RX,REL,47,,,,deliver,,0
1762495816258,RX,REL,48,,,,deliver,,0
1762495816259,RX,REL,49,,,,deliver,,0
1762495816259,RX,REL,50,,,,deliver,,0
1762495816259,RX,REL,51,,,,deliver,,0
1762495816259,RX,REL,52,,,,deliver,,0
1762495816291,RX,REL,53,1559224930,,,recv,,78
1762495816291,RX,REL,53,,,,deliver,,0
1762495816324,RX,REL,54,1559224964,,,recv,,78
1762495816325,RX,REL,54,,,,deliver,,0
1762495816357,RX,UNREL,,1559224997,,,recv,,77
1762495816391,RX,REL,55,1559225030,,,recv,,78
1762495816391,RX,REL,55,,,,deliver,,0
1762495816424,RX,REL,56,1559225064,,,recv,,78
1762495816424,RX,REL,56,,,,deliver,,0
1762495816491,RX,REL,58,1559225131,,,recv,,77
1762495816491,RX,REL,58,,,,buffer,,0
1762495816525,RX,REL,59,1559225164,,,recv,,77
1762495816525,RX,REL,59,,,,buffer,,0
1762495816558,RX,REL,60,1559225197,,,recv,,78
1762495816558,RX,REL,60,,,,buffer,,0
1762495816591,RX,REL,61,1559225231,,,recv,,78
1762495816591,RX,REL,61,,,,buffer,,0
1762495816624,RX,REL,62,1559225264,,,recv,,78
1762495816625,RX,REL,62,,,,buffer,,0
1762495816658,RX,REL,63,1559225297,,,recv,,79
1762495816658,RX,REL,63,,,,buffer,,0
1762495816691,RX,REL,64,1559225331,,,recv,,78
1762495816691,RX,REL,57,,,,skip,,0
1762495816691,RX,REL,58,,,,deliver,,0
1762495816692,RX,REL,59,,,,deliver,,0
1762495816692,RX,REL,60,,,,deliver,,0
1762495816692,RX,REL,61,,,,deliver,,0
1762495816692,RX,REL,62,,,,deliver,,0
1762495816692,RX,REL,63,,,,deliver,,0
1762495816692,RX,REL,64,,,,deliver,,0
1762495816724,RX,UNREL,,1559225364,,,recv,,77
1762495816757,RX,REL,65,1559225397,,,recv,,74
1762495816758,RX,REL,65,,,,deliver,,0
1762495816791,RX,REL,66,1559225431,,,recv,,78
1762495816791,RX,REL,66,,,,deliver,,0
1762495816824,RX,UNREL,,1559225464,,,recv,,76
1762495816857,RX,REL,67,1559225497,,,recv,,76
1762495816858,RX,REL,67,,,,deliver,,0
1762495816890,RX,REL,68,1559225530,,,recv,,77
1762495816891,RX,REL,68,,,,deliver,,0
1762495816957,RX,REL,70,1559225597,,,recv,,77
1762495816957,RX,REL,70,,,,buffer,,0
1762495816991,RX,REL,71,1559225630,,,recv,,77
1762495816991,RX,REL,71,,,,buffer,,0
1762495817024,RX,UNREL,,1559225664,,,recv,,77
1762495817057,RX,REL,72,1559225697,,,recv,,79
1762495817058,RX,REL,72,,,,buffer,,0
1762495817090,RX,REL,73,1559225730,,,recv,,79
1762495817091,RX,REL,73,,,,buffer,,0
1762495817124,RX,REL,74,1559225764,,,recv,,75
1762495817124,RX,REL,74,,,,buffer,,0
1762495817157,RX,REL,75,1559225797,,,recv,,79
1762495817158,RX,REL,69,,,,skip,,0
1762495817158,RX,REL,70,,,,deliver,,0
1762495817158,RX,REL,71,,,,deliver,,0
1762495817158,RX,REL,72,,,,deliver,,0
1762495817158,RX,REL,73,,,,deliver,,0
1762495817158,RX,REL,74,,,,deliver,,0
1762495817158,RX,REL,75,,,,deliver,,0
1762495817191,RX,REL,76,1559225831,,,recv,,79
1762495817192,RX,REL,76,,,,deliver,,0
1762495817224,RX,REL,77,1559225864,,,recv,,78
1762495817225,RX,REL,77,,,,deliver,,0
1762495817258,RX,UNREL,,1559225897,,,recv,,80
1762495817291,RX,REL,78,1559225931,,,recv,,79
1762495817291,RX,REL,78,,,,deliver,,0
1762495817324,RX,UNREL,,1559225964,,,recv,,77
1762495817357,RX,REL,79,1559225997,,,recv,,78
1762495817358,RX,REL,79,,,,deliver,,0
1762495817391,RX,REL,80,1559226031,,,recv,,77
1762495817391,RX,REL,80,,,,deliver,,0
1762495817424,RX,REL,81,1559226064,,,recv,,77
1762495817424,RX,REL,81,,,,deliver,,0
1762495817457,RX,REL,82,1559226097,,,recv,,79
1762495817457,RX,REL,82,,,,deliver,,0
1762495817558,RX,REL,85,1559226198,,,recv,,78
1762495817558,RX,REL,85,,,,buffer,,0
1762495817591,RX,UNREL,,1559226231,,,recv,,77
1762495817624,RX,UNREL,,1559226264,,,recv,,79
1762495817657,RX,UNREL,,1559226297,,,recv,,78
1762495817691,RX,REL,86,1559226331,,,recv,,77
1762495817691,RX,REL,86,,,,buffer,,0
1762495817724,RX,REL,87,1559226364,,,recv,,80
1762495817725,RX,REL,87,,,,buffer,,0
1762495817758,RX,REL,88,1559226397,,,recv,,79
1762495817758,RX,REL,83,,,,skip,,0
1762495817758,RX,REL,88,,,,buffer,,0
1762495817791,RX,REL,89,1559226431,,,recv,,79
1762495817791,RX,REL,84,,,,skip,,0
1762495817791,RX,REL,85,,,,deliver,,0
1762495817792,RX,REL,86,,,,deliver,,0
1762495817792,RX,REL,87,,,,deliver,,0
1762495817792,RX,REL,88,,,,deliver,,0
1762495817792,RX,REL,89,,,,deliver,,0
1762495817824,RX,REL,90,1559226464,,,recv,,79
1762495817824,RX,REL,90,,,,deliver,,0
1762495817858,RX,REL,91,1559226497,,,recv,,78
1762495817858,RX,REL,91,,,,deliver,,0
1762495817924,RX,REL,93,1559226564,,,recv,,80
1762495817925,RX,REL,93,,,,buffer,,0
1762495817958,RX,UNREL,,1559226597,,,recv,,78
1762495817991,RX,REL,94,1559226631,,,recv,,78
1762495817991,RX,REL,94,,,,buffer,,0
1762495818024,RX,REL,95,1559226664,,,recv,,78
1762495818025,RX,REL,95,,,,buffer,,0
1762495818057,RX,REL,96,1559226697,,,recv,,78
1762495818058,RX,REL,96,,,,buffer,,0
1762495818091,RX,REL,97,1559226731,,,recv,,78
1762495818091,RX,REL,97,,,,buffer,,0
1762495818124,RX,REL,98,1559226764,,,recv,,76
1762495818124,RX,REL,98,,,,buffer,,0
1762495818158,RX,REL,99,1559226797,,,recv,,78
1762495818158,RX,REL,92,,,,skip,,0
1762495818158,RX,REL,93,,,,deliver,,0
1762495818158,RX,REL,94,,,,deliver,,0
1762495818158,RX,REL,95,,,,deliver,,0
1762495818159,RX,REL,96,,,,deliver,,0
1762495818159,RX,REL,97,,,,deliver,,0
1762495818159,RX,REL,98,,,,deliver,,0
1762495818159,RX,REL,99,,,,deliver,,0
1762495818191,RX,REL,100,1559226831,,,recv,,77
1762495818191,RX,REL,100,,,,deliver,,0
1762495818224,RX,REL,101,1559226864,,,recv,,79
1762495818224,RX,REL,101,,,,deliver,,0
1762495818258,RX,REL,102,1559226898,,,recv,,77
1762495818258,RX,REL,102,,,,deliver,,0
1762495818324,RX,REL,104,1559226964,,,recv,,80
1762495818324,RX,REL,104,,,,buffer,,0
1762495818358,RX,REL,105,1559226997,,,recv,,78
1762495818358,RX,REL,105,,,,buffer,,0
1762495818391,RX,UNREL,,1559227031,,,recv,,77
1762495818424,RX,UNREL,,1559227064,,,recv,,77
1762495818457,RX,REL,106,1559227097,,,recv,,79
1762495818458,RX,REL,106,,,,buffer,,0
1762495818524,RX,REL,107,1559227164,,,recv,,78
1762495818524,RX,REL,103,,,,skip,,0
1762495818524,RX,REL,104,,,,deliver,,0
1762495818525,RX,REL,105,,,,deliver,,0
1762495818525,RX,REL,106,,,,deliver,,0
1762495818525,RX,REL,107,,,,deliver,,0
1762495818558,RX,REL,108,1559227197,,,recv,,79
1762495818558,RX,REL,108,,,,deliver,,0
1762495818591,RX,REL,109,1559227231,,,recv,,79
1762495818591,RX,REL,109,,,,deliver,,0
1762495818624,RX,REL,110,1559227264,,,recv,,80
1762495818625,RX,REL,110,,,,deliver,,0
1762495818658,RX,UNREL,,1559227297,,,recv,,79
1762495818691,RX,REL,111,1559227331,,,recv,,78
1762495818691,RX,REL,111,,,,deliver,,0
1762495818724,RX,REL,112,1559227364,,,recv,,78
1762495818725,RX,REL,112,,,,deliver,,0
1762495818757,RX,REL,113,1559227397,,,recv,,79
1762495818758,RX,REL,113,,,,deliver,,0
1762495818791,RX,REL,114,1559227431,,,recv,,78
1762495818791,RX,REL,114,,,,deliver,,0
1762495818824,RX,UNREL,,1559227464,,,recv,,78
1762495818858,RX,REL,115,1559227498,,,recv,,79
1762495818858,RX,REL,115,,,,deliver,,0
1762495818891,RX,REL,116,1559227531,,,recv,,78
1762495818891,RX,REL,116,,,,deliver,,0
1762495818924,RX,REL,117,1559227564,,,recv,,78
1762495818925,RX,REL,117,,,,deliver,,0
1762495818958,RX,REL,118,1559227598,,,recv,,80
1762495818958,RX,REL,118,,,,deliver,,0
1762495818991,RX,UNREL,,1559227631,,,recv,,78
1762495819024,RX,REL,119,1559227664,,,recv,,79
1762495819025,RX,REL,119,,,,deliver,,0
1762495819058,RX,REL,120,1559227698,,,recv,,80
1762495819058,RX,REL,120,,,,deliver,,0
1762495819091,RX,REL,121,1559227730,,,recv,,80
1762495819091,RX,REL,121,,,,deliver,,0
1762495819158,RX,REL,123,1559227798,,,recv,,78
1762495819158,RX,REL,123,,,,buffer,,0
1762495819191,RX,UNREL,,1559227831,,,recv,,80
1762495819257,RX,UNREL,,1559227897,,,recv,,77
1762495819291,RX,REL,125,1559227931,,,recv,,77
1762495819291,RX,REL,125,,,,buffer,,0
1762495819324,RX,REL,126,1559227964,,,recv,,78
1762495819324,RX,REL,126,,,,buffer,,0
1762495819357,RX,REL,127,1559227997,,,recv,,78
1762495819357,RX,REL,127,,,,buffer,,0
1762495819391,RX,REL,128,1559228031,,,recv,,77
1762495819391,RX,REL,122,,,,skip,,0
1762495819391,RX,REL,123,,,,deliver,,0
1762495819392,RX,REL,128,,,,buffer,,0
1762495819424,RX,REL,129,1559228064,,,recv,,78
1762495819424,RX,REL,129,,,,buffer,,0
1762495819458,RX,UNREL,,1559228098,,,recv,,79
1762495819491,RX,UNREL,,1559228131,,,recv,,78
1762495819524,RX,UNREL,,1559228164,,,recv,,78
1762495819558,RX,REL,130,1559228197,,,recv,,78
1762495819558,RX,REL,130,,,,buffer,,0
1762495819591,RX,REL,131,1559228231,,,recv,,79
1762495819591,RX,REL,124,,,,skip,,0
1762495819591,RX,REL,125,,,,deliver,,0
1762495819592,RX,REL,126,,,,deliver,,0
1762495819592,RX,REL,127,,,,deliver,,0
1762495819592,RX,REL,128,,,,deliver,,0
1762495819592,RX,REL,129,,,,deliver,,0
1762495819592,RX,REL,130,,,,deliver,,0
1762495819592,RX,REL,131,,,,deliver,,0
1762495819625,RX,REL,132,1559228264,,,recv,,79
1762495819625,RX,REL,132,,,,deliver,,0
1762495819658,RX,UNREL,,1559228297,,,recv,,78
1762495819691,RX,REL,133,1559228331,,,recv,,79
1762495819691,RX,REL,133,,,,deliver,,0
1762495819724,RX,UNREL,,1559228364,,,recv,,78
1762495819757,RX,UNREL,,1559228397,,,recv,,80
1762495819791,RX,REL,134,1559228431,,,recv,,80
1762495819791,RX,REL,134,,,,deliver,,0
1762495819858,RX,REL,135,1559228497,,,recv,,79
1762495819858,RX,REL,135,,,,deliver,,0
1762495819891,RX,REL,136,1559228531,,,recv,,80
1762495819891,RX,REL,136,,,,deliver,,0
1762495819924,RX,REL,137,1559228564,,,recv,,78
1762495819925,RX,REL,137,,,,deliver,,0
1762495819958,RX,REL,138,1559228598,,,recv,,80
1762495819958,RX,REL,138,,,,deliver,,0
1762495819991,RX,REL,139,1559228631,,,recv,,79
1762495819991,RX,REL,139,,,,deliver,,0
1762495820024,RX,REL,140,1559228664,,,recv,,78
1762495820025,RX,REL,140,,,,deliver,,0
1762495820058,RX,UNREL,,1559228697,,,recv,,79
1762495820091,RX,REL,141,1559228731,,,recv,,79
1762495820092,RX,REL,141,,,,deliver,,0
1762495820158,RX,REL,143,1559228798,,,recv,,78
1762495820158,RX,REL,143,,,,buffer,,0
1762495820191,RX,REL,144,1559228831,,,recv,,79
1762495820191,RX,REL,144,,,,buffer,,0
1762495820224,RX,UNREL,,1559228864,,,recv,,79
1762495820257,RX,REL,145,1559228897,,,recv,,78
1762495820258,RX,REL,145,,,,buffer,,0
1762495820291,RX,UNREL,,1559228931,,,recv,,78
1762495820325,RX,REL,146,1559228964,,,recv,,78
1762495820325,RX,REL,146,,,,buffer,,0
1762495820358,RX,REL,147,1559228998,,,recv,,77
1762495820358,RX,REL,142,,,,skip,,0
1762495820358,RX,REL,143,,,,deliver,,0
1762495820358,RX,REL,144,,,,deliver,,0
1762495820359,RX,REL,145,,,,deliver,,0
1762495820359,RX,REL,146,,,,deliver,,0
1762495820359,RX,REL,147,,,,deliver,,0
1762495820391,RX,UNREL,,1559229030,,,recv,,79
1762495820424,RX,REL,148,1559229064,,,recv,,78
1762495820425,RX,REL,148,,,,deliver,,0
1762495820491,RX,REL,150,1559229131,,,recv,,78
1762495820491,RX,REL,150,,,,buffer,,0
1762495820524,RX,REL,151,1559229164,,,recv,,78
1762495820525,RX,REL,151,,,,buffer,,0
1762495820558,RX,UNREL,,1559229197,,,recv,,77
1762495820591,RX,REL,152,1559229231,,,recv,,80
1762495820591,RX,REL,152,,,,buffer,,0
1762495820624,RX,REL,153,1559229264,,,recv,,78
1762495820625,RX,REL,153,,,,buffer,,0
1762495820658,RX,REL,154,1559229298,,,recv,,78
1762495820658,RX,REL,154,,,,buffer,,0
1762495820691,RX,REL,155,1559229331,,,recv,,77
1762495820691,RX,REL,149,,,,skip,,0
1762495820691,RX,REL,150,,,,deliver,,0
1762495820692,RX,REL,151,,,,deliver,,0
1762495820692,RX,REL,152,,,,deliver,,0
1762495820692,RX,REL,153,,,,deliver,,0
1762495820692,RX,REL,154,,,,deliver,,0
1762495820692,RX,REL,155,,,,deliver,,0
1762495820724,RX,REL,156,1559229364,,,recv,,78
1762495820725,RX,REL,156,,,,deliver,,0
1762495820758,RX,REL,157,1559229397,,,recv,,77
1762495820758,RX,REL,157,,,,deliver,,0
1762495820791,RX,UNREL,,1559229431,,,recv,,79
1762495820824,RX,REL,158,1559229464,,,recv,,79
1762495820825,RX,REL,158,,,,deliver,,0
1762495820858,RX,REL,159,1559229498,,,recv,,78
1762495820858,RX,REL,159,,,,deliver,,0
1762495820924,RX,UNREL,,1559229564,,,recv,,81
1762495820958,RX,REL,161,1559229597,,,recv,,80
1762495820958,RX,REL,161,,,,buffer,,0
1762495821024,RX,REL,163,1559229664,,,recv,,80
1762495821024,RX,REL,163,,,,buffer,,0
1762495821058,RX,UNREL,,1559229698,,,recv,,77
1762495821091,RX,UNREL,,1559229731,,,recv,,78
1762495821124,RX,REL,164,1559229764,,,recv,,80
1762495821124,RX,REL,164,,,,buffer,,0
1762495821158,RX,UNREL,,1559229798,,,recv,,78
1762495821191,RX,REL,165,1559229831,,,recv,,78
1762495821191,RX,REL,160,,,,skip,,0
1762495821191,RX,REL,161,,,,deliver,,0
1762495821192,RX,REL,165,,,,buffer,,0
1762495821224,RX,REL,166,1559229864,,,recv,,78
1762495821224,RX,REL,166,,,,buffer,,0
1762495821258,RX,REL,167,1559229897,,,recv,,78
1762495821258,RX,REL,167,,,,buffer,,0
1762495821291,RX,UNREL,,1559229931,,,recv,,78
1762495821324,RX,REL,168,1559229964,,,recv,,78
1762495821324,RX,REL,168,,,,buffer,,0
1762495821357,RX,UNREL,,1559229997,,,recv,,77
1762495821391,RX,REL,169,1559230031,,,recv,,79
1762495821391,RX,REL,169,,,,buffer,,0
1762495821424,RX,REL,170,1559230064,,,recv,,79
1762495821424,RX,REL,162,,,,skip,,0
1762495821425,RX,REL,163,,,,deliver,,0
1762495821425,RX,REL,164,,,,deliver,,0
1762495821425,RX,REL,165,,,,deliver,,0
1762495821425,RX,REL,166,,,,deliver,,0
1762495821425,RX,REL,167,,,,deliver,,0
1762495821425,RX,REL,168,,,,deliver,,0
1762495821426,RX,REL,169,,,,deliver,,0
1762495821426,RX,REL,170,,,,deliver,,0
1762495821458,RX,REL,171,1559230097,,,recv,,79
1762495821458,RX,REL,171,,,,deliver,,0
1762495821491,RX,REL,172,1559230131,,,recv,,79
1762495821491,RX,REL,172,,,,deliver,,0
1762495821524,RX,UNREL,,1559230164,,,recv,,80
1762495821557,RX,REL,173,1559230197,,,recv,,79
1762495821558,RX,REL,173,,,,deliver,,0
1762495821591,RX,REL,174,1559230231,,,recv,,77
1762495821591,RX,REL,174,,,,deliver,,0
1762495821624,RX,REL,175,1559230264,,,recv,,78
1762495821624,RX,REL,175,,,,deliver,,0
1762495821658,RX,REL,176,1559230297,,,recv,,77
1762495821658,RX,REL,176,,,,deliver,,0
1762495821691,RX,REL,177,1559230330,,,recv,,78
1762495821691,RX,REL,177,,,,deliver,,0
1762495821724,RX,UNREL,,1559230364,,,recv,,78
1762495821757,RX,REL,178,1559230397,,,recv,,80
1762495821758,RX,REL,178,,,,deliver,,0
1762495821791,RX,REL,179,1559230431,,,recv,,78
1762495821791,RX,REL,179,,,,deliver,,0
1762495821824,RX,REL,180,1559230464,,,recv,,78
1762495821825,RX,REL,180,,,,deliver,,0
1762495821858,RX,UNREL,,1559230498,,,recv,,77
1762495821891,RX,REL,181,1559230531,,,recv,,79
1762495821891,RX,REL,181,,,,deliver,,0
1762495821924,RX,REL,182,1559230564,,,recv,,78
1762495821924,RX,REL,182,,,,deliver,,0
1762495821957,RX,REL,183,1559230597,,,recv,,80
1762495821957,RX,REL,183,,,,deliver,,0
1762495821991,RX,REL,184,1559230630,,,recv,,79
1762495821991,RX,REL,184,,,,deliver,,0
1762495822024,RX,REL,185,1559230664,,,recv,,78
1762495822024,RX,REL,185,,,,deliver,,0
1762495822057,RX,REL,186,1559230697,,,recv,,77
1762495822057,RX,REL,186,,,,deliver,,0
1762495822090,RX,REL,187,1559230730,,,recv,,79
1762495822091,RX,REL,187,,,,deliver,,0
1762495822124,RX,REL,188,1559230764,,,recv,,80
1762495822124,RX,REL,188,,,,deliver,,0
1762495822157,RX,REL,189,1559230797,,,recv,,79
1762495822157,RX,REL,189,,,,deliver,,0
1762495822191,RX,UNREL,,1559230830,,,recv,,79
1762495822224,RX,REL,190,1559230864,,,recv,,79
1762495822224,RX,REL,190,,,,deliver,,0
1762495822257,RX,REL,191,1559230897,,,recv,,79
1762495822257,RX,REL,191,,,,deliver,,0
1762495822290,RX,REL,192,1559230930,,,recv,,79
1762495822291,RX,REL,192,,,,deliver,,0
1762495822324,RX,REL,193,1559230964,,,recv,,82
1762495822324,RX,REL,193,,,,deliver,,0
1762495822357,RX,REL,194,1559230997,,,recv,,78
1762495822357,RX,REL,194,,,,deliver,,0
1762495822390,RX,REL,195,1559231030,,,recv,,79
1762495822391,RX,REL,195,,,,deliver,,0
1762495822424,RX,REL,196,1559231064,,,recv,,79
1762495822424,RX,REL,196,,,,deliver,,0
1762495822457,RX,REL,197,1559231097,,,recv,,78
1762495822457,RX,REL,197,,,,deliver,,0
1762495822490,RX,REL,198,1559231130,,,recv,,78
1762495822491,RX,REL,198,,,,deliver,,0
1762495822524,RX,REL,199,1559231164,,,recv,,78
1762495822524,RX,REL,199,,,,deliver,,0
1762495822557,RX,REL,200,1559231197,,,recv,,78
1762495822557,RX,REL,200,,,,deliver,,0
1762495822591,RX,REL,201,1559231230,,,recv,,78
1762495822592,RX,REL,201,,,,deliver,,0
1762495822624,RX,UNREL,,1559231264,,,recv,,79
1762495822657,RX,REL,202,1559231297,,,recv,,79
1762495822657,RX,REL,202,,,,deliver,,0
1762495822691,RX,REL,203,1559231330,,,recv,,77
1762495822691,RX,REL,203,,,,deliver,,0
1762495822757,RX,REL,205,1559231397,,,recv,,78
1762495822757,RX,REL,205,,,,buffer,,0
1762495822790,RX,REL,206,1559231430,,,recv,,79
1762495822791,RX,REL,206,,,,buffer,,0
1762495822824,RX,REL,207,1559231464,,,recv,,78
1762495822824,RX,REL,207,,,,buffer,,0
1762495822857,RX,UNREL,,1559231497,,,recv,,79
1762495822890,RX,REL,208,1559231530,,,recv,,78
1762495822891,RX,REL,208,,,,buffer,,0
1762495822924,RX,REL,209,1559231564,,,recv,,78
1762495822924,RX,REL,209,,,,buffer,,0
1762495822990,RX,UNREL,,1559231630,,,recv,,77
1762495823024,RX,REL,211,1559231664,,,recv,,79
1762495823024,RX,REL,204,,,,skip,,0
1762495823024,RX,REL,205,,,,deliver,,0
1762495823024,RX,REL,206,,,,deliver,,0
1762495823024,RX,REL,207,,,,deliver,,0
1762495823024,RX,REL,208,,,,deliver,,0
1762495823024,RX,REL,209,,,,deliver,,0
1762495823025,RX,REL,211,,,,buffer,,0
1762495823057,RX,REL,212,1559231697,,,recv,,78
1762495823058,RX,REL,212,,,,buffer,,0
1762495823091,RX,UNREL,,1559231730,,,recv,,79
1762495823124,RX,UNREL,,1559231764,,,recv,,78
1762495823157,RX,UNREL,,1559231797,,,recv,,76
1762495823190,RX,REL,213,1559231830,,,recv,,78
1762495823190,RX,REL,213,,,,buffer,,0
1762495823224,RX,UNREL,,1559231864,,,recv,,80
1762495823257,RX,REL,214,1559231897,,,recv,,79
1762495823257,RX,REL,210,,,,skip,,0
1762495823258,RX,REL,211,,,,deliver,,0
1762495823258,RX,REL,212,,,,deliver,,0
1762495823258,RX,REL,213,,,,deliver,,0
1762495823258,RX,REL,214,,,,deliver,,0
1762495823290,RX,REL,215,1559231930,,,recv,,79
1762495823291,RX,REL,215,,,,deliver,,0
1762495823324,RX,REL,216,1559231964,,,recv,,80
1762495823324,RX,REL,216,,,,deliver,,0
1762495823357,RX,UNREL,,1559231997,,,recv,,78
1762495823390,RX,REL,217,1559232030,,,recv,,78
1762495823391,RX,REL,217,,,,deliver,,0
1762495823424,RX,REL,218,1559232064,,,recv,,79
1762495823424,RX,REL,218,,,,deliver,,0
1762495823457,RX,REL,219,1559232097,,,recv,,77
1762495823458,RX,REL,219,,,,deliver,,0
1762495823491,RX,REL,220,1559232130,,,recv,,79
1762495823491,RX,REL,220,,,,deliver,,0
1762495823524,RX,UNREL,,1559232164,,,recv,,78
1762495823557,RX,UNREL,,1559232197,,,recv,,79
1762495823591,RX,REL,221,1559232230,,,recv,,79
1762495823591,RX,REL,221,,,,deliver,,0
1762495823624,RX,UNREL,,1559232264,,,recv,,79
1762495823657,RX,UNREL,,1559232297,,,recv,,78
1762495823690,RX,REL,222,1559232330,,,recv,,79
1762495823691,RX,REL,222,,,,deliver,,0
1762495823724,RX,REL,223,1559232364,,,recv,,79
1762495823725,RX,REL,223,,,,deliver,,0
1762495823757,RX,REL,224,1559232397,,,recv,,79
1762495823757,RX,REL,224,,,,deliver,,0
1762495823791,RX,REL,225,1559232430,,,recv,,79
1762495823791,RX,REL,225,,,,deliver,,0
1762495823824,RX,REL,226,1559232464,,,recv,,79
1762495823824,RX,REL,226,,,,deliver,,0
1762495823857,RX,REL,227,1559232497,,,recv,,78
1762495823857,RX,REL,227,,,,deliver,,0
1762495823891,RX,UNREL,,1559232530,,,recv,,79
1762495823924,RX,REL,228,1559232564,,,recv,,78
1762495823924,RX,REL,228,,,,deliver,,0
1762495823957,RX,REL,229,1559232597,,,recv,,79
1762495823957,RX,REL,229,,,,deliver,,0
1762495823990,RX,REL,230,1559232630,,,recv,,78
1762495823991,RX,REL,230,,,,deliver,,0
1762495824057,RX,REL,232,1559232697,,,recv,,79
1762495824057,RX,REL,232,,,,buffer,,0
1762495824090,RX,REL,233,1559232730,,,recv,,78
1762495824091,RX,REL,233,,,,buffer,,0
1762495824124,RX,UNREL,,1559232764,,,recv,,81
1762495824157,RX,REL,234,1559232797,,,recv,,78
1762495824157,RX,REL,234,,,,buffer,,0
1762495824190,RX,REL,235,1559232830,,,recv,,78
1762495824191,RX,REL,235,,,,buffer,,0
1762495824224,RX,UNREL,,1559232864,,,recv,,79
1762495824257,RX,REL,236,1559232897,,,recv,,75
1762495824257,RX,REL,231,,,,skip,,0
1762495824257,RX,REL,232,,,,deliver,,0
1762495824258,RX,REL,233,,,,deliver,,0
1762495824258,RX,REL,234,,,,deliver,,0
1762495824258,RX,REL,235,,,,deliver,,0
1762495824258,RX,REL,236,,,,deliver,,0
1762495824291,RX,REL,237,1559232930,,,recv,,80
1762495824291,RX,REL,237,,,,deliver,,0
1762495824324,RX,REL,238,1559232964,,,recv,,79
1762495824325,RX,REL,238,,,,deliver,,0
1762495824357,RX,REL,239,1559232997,,,recv,,77
1762495824357,RX,REL,239,,,,deliver,,0
1762495824391,RX,REL,240,1559233030,,,recv,,80
1762495824391,RX,REL,240,,,,deliver,,0
1762495824424,RX,REL,241,1559233064,,,recv,,78
1762495824425,RX,REL,241,,,,deliver,,0
1762495824457,RX,UNREL,,1559233097,,,recv,,79
1762495824491,RX,REL,242,1559233130,,,recv,,79
1762495824491,RX,REL,242,,,,deliver,,0
1762495824524,RX,REL,243,1559233164,,,recv,,78
1762495824524,RX,REL,243,,,,deliver,,0
1762495824557,RX,REL,244,1559233197,,,recv,,79
1762495824558,RX,REL,244,,,,deliver,,0
1762495824591,RX,REL,245,1559233230,,,recv,,77
1762495824591,RX,REL,245,,,,deliver,,0
1762495824624,RX,REL,246,1559233264,,,recv,,78
1762495824624,RX,REL,246,,,,deliver,,0
1762495824658,RX,REL,247,1559233297,,,recv,,78
1762495824658,RX,REL,247,,,,deliver,,0
1762495824691,RX,REL,248,1559233330,,,recv,,78
1762495824691,RX,REL,248,,,,deliver,,0
1762495824724,RX,REL,249,1559233364,,,recv,,79
1762495824724,RX,REL,249,,,,deliver,,0
1762495824757,RX,REL,250,1559233397,,,recv,,80
1762495824758,RX,REL,250,,,,deliver,,0
1762495824791,RX,REL,251,1559233430,,,recv,,78
1762495824791,RX,REL,251,,,,deliver,,0
1762495824824,RX,REL,252,1559233464,,,recv,,79
1762495824824,RX,REL,252,,,,deliver,,0
1762495824857,RX,REL,253,1559233497,,,recv,,80
1762495824857,RX,REL,253,,,,deliver,,0
1762495824890,RX,REL,254,1559233530,,,recv,,78
1762495824891,RX,REL,254,,,,deliver,,0
1762495824924,RX,REL,255,1559233564,,,recv,,79
1762495824924,RX,REL,255,,,,deliver,,0
1762495824957,RX,REL,256,1559233597,,,recv,,79
1762495824957,RX,REL,256,,,,deliver,,0
1762495824991,RX,REL,257,1559233631,,,recv,,79
1762495824992,RX,REL,257,,,,deliver,,0
1762495825024,RX,REL,258,1559233664,,,recv,,78
1762495825024,RX,REL,258,,,,deliver,,0
1762495825057,RX,REL,259,1559233697,,,recv,,79
1762495825058,RX,REL,259,,,,deliver,,0
1762495825091,RX,REL,260,1559233730,,,recv,,78
1762495825091,RX,REL,260,,,,deliver,,0
1762495825124,RX,REL,261,1559233764,,,recv,,78
1762495825124,RX,REL,261,,,,deliver,,0
1762495825157,RX,REL,262,1559233797,,,recv,,79
1762495825157,RX,REL,262,,,,deliver,,0
1762495825191,RX,REL,263,1559233830,,,recv,,79
1762495825191,RX,REL,263,,,,deliver,,0
1762495825224,RX,UNREL,,1559233864,,,recv,,79
1762495825257,RX,REL,264,1559233897,,,recv,,79
1762495825257,RX,REL,264,,,,deliver,,0
1762495825290,RX,REL,265,1559233930,,,recv,,78
1762495825291,RX,REL,265,,,,deliver,,0
1762495825324,RX,REL,266,1559233964,,,recv,,78
1762495825324,RX,REL,266,,,,deliver,,0
1762495825357,RX,REL,267,1559233997,,,recv,,80
1762495825357,RX,REL,267,,,,deliver,,0
1762495825391,RX,REL,268,1559234030,,,recv,,79
1762495825391,RX,REL,268,,,,deliver,,0
1762495825424,RX,REL,269,1559234064,,,recv,,79
1762495825424,RX,REL,269,,,,deliver,,0
1762495825457,RX,REL,270,1559234097,,,recv,,79
1762495825457,RX,REL,270,,,,deliver,,0
1762495825490,RX,REL,271,1559234130,,,recv,,78
1762495825491,RX,REL,271,,,,deliver,,0
1762495825524,RX,REL,272,1559234164,,,recv,,79
1762495825524,RX,REL,272,,,,deliver,,0
1762495825557,RX,UNREL,,1559234197,,,recv,,80
1762495825590,RX,REL,273,1559234230,,,recv,,77
1762495825591,RX,REL,273,,,,deliver,,0
1762495825624,RX,REL,274,1559234264,,,recv,,78
1762495825624,RX,REL,274,,,,deliver,,0
1762495825657,RX,REL,275,1559234297,,,recv,,80
1762495825657,RX,REL,275,,,,deliver,,0
1762495825724,RX,REL,276,1559234364,,,recv,,77
1762495825724,RX,REL,276,,,,deliver,,0
1762495825757,RX,UNREL,,1559234397,,,recv,,78
1762495825790,RX,UNREL,,1559234430,,,recv,,79
1762495825824,RX,REL,277,1559234464,,,recv,,79
1762495825824,RX,REL,277,,,,deliver,,0
1762495825857,RX,UNREL,,1559234497,,,recv,,79
1762495825890,RX,REL,278,1559234530,,,recv,,77
1762495825891,RX,REL,278,,,,deliver,,0
1762495825924,RX,REL,279,1559234564,,,recv,,79
1762495825924,RX,REL,279,,,,deliver,,0
1762495825957,RX,REL,280,1559234597,,,recv,,78
1762495825957,RX,REL,280,,,,deliver,,0
1762495825990,RX,REL,281,1559234630,,,recv,,79
1762495825991,RX,REL,281,,,,deliver,,0
1762495826024,RX,REL,282,1559234664,,,recv,,80
1762495826024,RX,REL,282,,,,deliver,,0
1762495826057,RX,UNREL,,1559234697,,,recv,,79
1762495826091,RX,REL,283,1559234730,,,recv,,79
1762495826091,RX,REL,283,,,,deliver,,0
1762495826124,RX,REL,284,1559234764,,,recv,,78
1762495826124,RX,REL,284,,,,deliver,,0
1762495826157,RX,UNREL,,1559234797,,,recv,,78
1762495826190,RX,REL,285,1559234830,,,recv,,79
1762495826191,RX,REL,285,,,,deliver,,0
